Workbook

Sheet Prix par Préfecture
A1: PRIX PLAFONDS DES DENRÉES ALIMENTAIRES EN GUINÉE
A2: Source: www.simprix.gov.gn | Données récupérées en Avril 2026
A4: Région | B4: Préfecture | C4: RIZ 5% 50kg | D4: RIZ 25% 50kg | E4: HUILE 20L | F4: OIGNON 25kg | G4: POULET 10kg | H4: CUISSE 10kg | I4: SUCRE 50kg | J4: FARINE 50kg | K4: LAIT 25kg | L4: RIZ 5% 25kg
A5: CONAKRY | B5: CONAKRY | C5: 280000 | D5: 260000 | E5: 305000 | F5: 270000 | G5: 310000 | H5: 220000 | I5: 350000 | J5: 360000 | K5: 980000 | L5: 140000
A6: BOKE | B6: BOKE | C6: 300500 | D6: 280500 | E6: 325500 | F6: 290500 | G6: 335500 | H6: 245500 | I6: 375500 | J6: 380500 | K6: 1000500 | L6: 155500
B7: BOFFA | C7: 298000 | D7: 278000 | E7: 323000 | F7: 288000 | G7: 333000 | H7: 243000 | I7: 373000 | J7: 378000 | K7: 998000 | L7: 153000
B8: FRIA | C8: 295000 | D8: 275000 | E8: 320000 | F8: 285000 | G8: 330000 | H8: 240000 | I8: 370000 | J8: 375000 | K8: 995000 | L8: 150000
B9: GAOUAL | C9: 305000 | D9: 285000 | E9: 330000 | F9: 295000 | G9: 340000 | H9: 250000 | I9: 380000 | J9: 385000 | K9: 1005000 | L9: 160000
B10: KOUNDARA | C10: 310000 | D10: 290000 | E10: 335000 | F10: 300000 | G10: 345000 | H10: 255000 | I10: 385000 | J10: 390000 | K10: 1010000 | L10: 165000
A11: KINDIA | B11: KINDIA | C11: 289500 | D11: 269500 | E11: 314500 | F11: 279500 | G11: 319500 | H11: 229500 | I11: 364500 | J11: 369500 | K11: 989500 | L11: 150000
B12: COYAH | C12: 285000 | D12: 265000 | E12: 310000 | F12: 275000 | G12: 315000 | H12: 225000 | I12: 360000 | J12: 365000 | K12: 985000 | L12: 145000
B13: DUBREKA | C13: 286000 | D13: 266000 | E13: 311000 | F13: 276000 | G13: 316000 | H13: 226000 | I13: 361000 | J13: 366000 | K13: 986000 | L13: 146000
B14: FORECARIAH | C14: 292000 | D14: 272000 | E14: 317000 | F14: 282000 | G14: 322000 | H14: 232000 | I14: 367000 | J14: 372000 | K14: 992000 | L14: 152000
B15: TELIMELE | C15: 298000 | D15: 278000 | E15: 323000 | F15: 288000 | G15: 328000 | H15: 238000 | I15: 373000 | J15: 378000 | K15: 998000 | L15: 158000
A16: LABE | B16: LABE | C16: 305000 | D16: 285000 | E16: 330000 | F16: 295000 | G16: 335000 | H16: 245000 | I16: 375000 | J16: 385000 | K16: 1005000 | L16: 157500
B17: KOUBIA | C17: 310000 | D17: 290000 | E17: 335000 | F17: 300000 | G17: 340000 | H17: 250000 | I17: 380000 | J17: 390000 | K17: 1010000 | L17: 162500
B18: LELOUMA | C18: 308000 | D18: 288000 | E18: 333000 | F18: 298000 | G18: 338000 | H18: 248000 | I18: 378000 | J18: 388000 | K18: 1008000 | L18: 160500
B19: MALI | C19: 315000 | D19: 295000 | E19: 340000 | F19: 305000 | G19: 345000 | H19: 255000 | I19: 385000 | J19: 395000 | K19: 1015000 | L19: 167500
B20: TOUGUE | C20: 312000 | D20: 292000 | E20: 337000 | F20: 302000 | G20: 342000 | H20: 252000 | I20: 382000 | J20: 392000 | K20: 1012000 | L20: 165000
A21: FARANAH | B21: FARANAH | C21: 301000 | D21: 281000 | E21: 326000 | F21: 291000 | G21: 331000 | H21: 241000 | I21: 371000 | J21: 381000 | K21: 1001000 | L21: 155500
B22: DABOLA | C22: 305000 | D22: 285000 | E22: 330000 | F22: 295000 | G22: 335000 | H22: 245000 | I22: 375000 | J22: 385000 | K22: 1005000 | L22: 159500
B23: DINGUIRAYE | C23: 310000 | D23: 290000 | E23: 335000 | F23: 300000 | G23: 340000 | H23: 250000 | I23: 380000 | J23: 390000 | K23: 1010000 | L23: 164500
B24: KISSIDOUGOU | C24: 308000 | D24: 288000 | E24: 333000 | F24: 298000 | G24: 338000 | H24: 248000 | I24: 378000 | J24: 388000 | K24: 1008000 | L24: 162500
A25: NZEREKORE | B25: NZEREKORE | C25: 314500 | D25: 294500 | E25: 339500 | F25: 284500 | G25: 344500 | H25: 254500 | I25: 384500 | J25: 394500 | K25: 1014500 | L25: 162500
B26: BEYLA | C26: 318000 | D26: 298000 | E26: 343000 | F26: 288000 | G26: 348000 | H26: 258000 | I26: 388000 | J26: 398000 | K26: 1018000 | L26: 166000
B27: GUECKEDOU | C27: 316000 | D27: 296000 | E27: 341000 | F27: 286000 | G27: 346000 | H27: 256000 | I27: 386000 | J27: 396000 | K27: 1016000 | L27: 164000
B28: LOLA | C28: 320000 | D28: 300000 | E28: 345000 | F28: 290000 | G28: 350000 | H28: 260000 | I28: 390000 | J28: 400000 | K28: 1020000 | L28: 168000
B29: MACENTA | C29: 317000 | D29: 297000 | E29: 342000 | F29: 287000 | G29: 347000 | H29: 257000 | I29: 387000 | J29: 397000 | K29: 1017000 | L29: 165000
B30: YOMOU | C30: 322000 | D30: 302000 | E30: 347000 | F30: 292000 | G30: 352000 | H30: 262000 | I30: 392000 | J30: 402000 | K30: 1022000 | L30: 170000
A31: MAMOU | B31: MAMOU | C31: 296000 | D31: 276000 | E31: 321000 | F31: 286000 | G31: 331000 | H31: 241000 | I31: 366000 | J31: 376000 | K31: 996000 | L31: 153000
B32: DALABA | C32: 299000 | D32: 279000 | E32: 324000 | F32: 289000 | G32: 334000 | H32: 244000 | I32: 369000 | J32: 379000 | K32: 999000 | L32: 156000
B33: PITA | C33: 302000 | D33: 282000 | E33: 327000 | F33: 292000 | G33: 337000 | H33: 247000 | I33: 372000 | J33: 382000 | K33: 1002000 | L33: 159000
A34: KANKAN | B34: KANKAN | C34: 306000 | D34: 286000 | E34: 331000 | F34: 296000 | G34: 336000 | H34: 246000 | I34: 376000 | J34: 396000 | K34: 1006000 | L34: 158000
B35: SIGUIRI | C35: 312000 | D35: 292000 | E35: 337000 | F35: 302000 | G35: 342000 | H35: 252000 | I35: 382000 | J35: 402000 | K35: 1012000 | L35: 164000
B36: MANDIANA | C36: 315000 | D36: 295000 | E36: 340000 | F36: 305000 | G36: 345000 | H36: 255000 | I36: 385000 | J36: 405000 | K36: 1015000 | L36: 167000
B37: KOUROUSSA | C37: 310000 | D37: 290000 | E37: 335000 | F37: 300000 | G37: 340000 | H37: 250000 | I37: 380000 | J37: 400000 | K37: 1010000 | L37: 162000
B38: KEROUANE | C38: 318000 | D38: 298000 | E38: 343000 | F38: 308000 | G38: 348000 | H38: 258000 | I38: 388000 | J38: 408000 | K38: 1018000 | L38: 170000

Sheet Images Produits
A1: CATALOGUE DES PRODUITS - IMAGES
A3: N° | B3: Produit | C3: Unité | D3: URL de l'image
A4: 1 | B4: RIZ IMPORTE 5% BRISURES 50kg | C4: 50 KG | D4: https://admin.simprix.gov.gn/web/mainAssets/media/uploads/photo//6f52c15fea9a6c31cf5985631e0a30f933eca51f7b9f8048.jpg
A5: 2 | B5: RIZ IMPORTE 25% BRISURES 50kg | C5: 50 KG | D5: https://admin.simprix.gov.gn/web/mainAssets/media/uploads/photo//17fce79004f1f0816f20cceaa1d35e7b44080f2e5e44d8da.jpg
A6: 3 | B6: HUILE VEGETALE 20L | C6: 20 L | D6: https://admin.simprix.gov.gn/web/mainAssets/media/uploads/photo//5297af8210be4d0885834154208f5fc6e1b604e60953ae9a.jpg
A7: 4 | B7: OIGNON 25 KG | C7: 25 KG | D7: https://admin.simprix.gov.gn/web/mainAssets/media/uploads/photo//5142089263bdbac55b2f61e69d786cbe9e9f7276fcfe4cb6.jpg
A8: 5 | B8: POULET ENTIER IMPORTE 10 KG | C8: 10 kg | D8: https://admin.simprix.gov.gn/web/mainAssets/media/uploads/photo//9cc77c154477394bdf3f8b77ae47bd1ca71211fc648d67d0.jpg
A9: 6 | B9: CUISSE DE POULET IMPORTE 10 KG | C9: 10 kg | D9: https://admin.simprix.gov.gn/web/mainAssets/media/uploads/photo//ea071c0dd8f20c049ff82fca4a534d8128153884c11ada31.jpg
A10: 7 | B10: SUCRE 50 KG | C10: 50 KG | D10: https://admin.simprix.gov.gn/web/mainAssets/media/uploads/photo//b0ac2727115535c618122965e580564a663e0374315e70e8.jpg
A11: 8 | B11: FARINE 50 KG | C11: 50 KG | D11: https://admin.simprix.gov.gn/web/mainAssets/media/uploads/photo//eafb0875681c90582d2eeed6f6c909356072b6c0f3b04505.jpg
A12: 9 | B12: LAIT EN POUDRE 25KG | C12: 25 KG | D12: https://admin.simprix.gov.gn/web/mainAssets/media/uploads/photo//7f8032afa378195aa4b7ff58a4ba737c070408468b4f3294.jpg
A13: 10 | B13: RIZ IMPORTE 5% BRISURES 25KG | C13: 25 KG | D13: https://admin.simprix.gov.gn/web/mainAssets/media/uploads/photo//9d37e442bc70e534859d4dd042de58b72528c48a0c1e56e3.jpg

Sheet URLs Pages
A1: LIENS VERS LES PAGES SIMPRIX PAR LOCALITÉ
A3: Région | B3: Préfecture | C3: URL de la page
A4: CONAKRY | B4: CONAKRY | C4: https://www.simprix.gov.gn/67bb5e36ad63ba84e38d76cda5d2e3e2/8e0350a6c79d76cca67cfd0ea9157229d35c0d2f3252c18f
A5: BOKE | B5: BOKE | C5: https://www.simprix.gov.gn/67bb5e36ad63ba84e38d76cda5d2e3e2/8cfbf5a52bd82f5c98b9d1b3d7ce7312146bfdaad2e4b876
A6: BOKE | B6: BOFFA | C6: https://www.simprix.gov.gn/164346b82df9069987ef0029a0b44d9a/c70acfa6f4492b1c84cc278d902bd4e2f710fc01c19dd4d9
A7: BOKE | B7: FRIA | C7: https://www.simprix.gov.gn/164346b82df9069987ef0029a0b44d9a/584250600729b39aa2fc291c86b79c32ab8a91ad5709d805
A8: BOKE | B8: GAOUAL | C8: https://www.simprix.gov.gn/164346b82df9069987ef0029a0b44d9a/85542694c1629a5ac4e140f2fa33f675673ebb1cbcc5e8a2
A9: BOKE | B9: KOUNDARA | C9: https://www.simprix.gov.gn/164346b82df9069987ef0029a0b44d9a/8f2ab1498d51cc65ae2646bc5866468160113eeef84e5cac
A10: KINDIA | B10: KINDIA | C10: https://www.simprix.gov.gn/67bb5e36ad63ba84e38d76cda5d2e3e2/ef49819e7faaba3ee014d5ce442c57c2ef51ca7001efa70e
A11: KINDIA | B11: COYAH | C11: https://www.simprix.gov.gn/164346b82df9069987ef0029a0b44d9a/54934dda658902b078a70e61378439685678dcfd54fec111
A12: KINDIA | B12: DUBREKA | C12: https://www.simprix.gov.gn/164346b82df9069987ef0029a0b44d9a/bc2fde314ed3463653ff3a0c0c38abfc53604c4505905bf9
A13: KINDIA | B13: FORECARIAH | C13: https://www.simprix.gov.gn/164346b82df9069987ef0029a0b44d9a/00e0ff9f921a725ea915cadb3449d407352be6f36103c788
A14: KINDIA | B14: TELIMELE | C14: https://www.simprix.gov.gn/164346b82df9069987ef0029a0b44d9a/463111dc0f87b66e01ac5bcbda0f50002748bcad7bbf7bac
... A37: KANKAN | B37: KEROUANE | C37: https://www.simprix.gov.gn/164346b82df9069987ef0029a0b44d9a/7a315567244e6afeee5accba302a47ff5c4e08dc8c0d42cc

Sheet Prix Moyen par Région
A1: PRIX MOYENS PAR RÉGION
A2: Moyenne des prix par préfecture pour chaque région
A4: Région | B4: Nb Préf. | C4: RIZ 5% 50kg | D4: RIZ 25% 50kg | E4: HUILE 20L | F4: OIGNON 25kg | G4: POULET 10kg | H4: CUISSE 10kg | I4: SUCRE 50kg | J4: FARINE 50kg | K4: LAIT 25kg | L4: RIZ 5% 25kg
A5: CONAKRY | B5: 1 | C5: ='Prix par Préfecture'!C5 -> 280000 | D5: ='Prix par Préfecture'!D5 -> 260000 | E5: ='Prix par Préfecture'!E5 -> 305000 | F5: ='Prix par Préfecture'!F5 -> 270000 | G5: ='Prix par Préfecture'!G5 -> 310000 | H5: ='Prix par Préfecture'!H5 -> 220000 | I5: ='Prix par Préfecture'!I5 -> 350000 | J5: ='Prix par Préfecture'!J5 -> 360000 | ... L5: ='Prix par Préfecture'!L5 -> 140000
A6: BOKE | B6: 5 | C6: =AVERAGE('Prix par Préfecture'!C6:C10) -> 301700 | D6: =AVERAGE('Prix par Préfecture'!D6:D10) -> 281700 | E6: =AVERAGE('Prix par Préfecture'!E6:E10) -> 326700 | F6: =AVERAGE('Prix par Préfecture'!F6:F10) -> 291700 | G6: =AVERAGE('Prix par Préfecture'!G6:G10) -> 336700 | H6: =AVERAGE('Prix par Préfecture'!H6:H10) -> 246700 | I6: =AVERAGE('Prix par Préfecture'!I6:I10) -> 376700 | J6: =AVERAGE('Prix par Préfecture'!J6:J10) -> 381700 | ... L6: =AVERAGE('Prix par Préfecture'!L6:L10) -> 156700
A7: KINDIA | B7: 5 | C7: =AVERAGE('Prix par Préfecture'!C11:C15) -> 290100 | D7: =AVERAGE('Prix par Préfecture'!D11:D15) -> 270100 | E7: =AVERAGE('Prix par Préfecture'!E11:E15) -> 315100 | F7: =AVERAGE('Prix par Préfecture'!F11:F15) -> 280100 | G7: =AVERAGE('Prix par Préfecture'!G11:G15) -> 320100 | H7: =AVERAGE('Prix par Préfecture'!H11:H15) -> 230100 | I7: =AVERAGE('Prix par Préfecture'!I11:I15) -> 365100 | J7: =AVERAGE('Prix par Préfecture'!J11:J15) -> 370100 | ... L7: =AVERAGE('Prix par Préfecture'!L11:L15) -> 150200
A8: LABE | B8: 5 | C8: =AVERAGE('Prix par Préfecture'!C16:C20) -> 310000 | D8: =AVERAGE('Prix par Préfecture'!D16:D20) -> 290000 | E8: =AVERAGE('Prix par Préfecture'!E16:E20) -> 335000 | F8: =AVERAGE('Prix par Préfecture'!F16:F20) -> 300000 | G8: =AVERAGE('Prix par Préfecture'!G16:G20) -> 340000 | H8: =AVERAGE('Prix par Préfecture'!H16:H20) -> 250000 | I8: =AVERAGE('Prix par Préfecture'!I16:I20) -> 380000 | J8: =AVERAGE('Prix par Préfecture'!J16:J20) -> 390000 | ... L8: =AVERAGE('Prix par Préfecture'!L16:L20) -> 162600
A9: FARANAH | B9: 4 | C9: =AVERAGE('Prix par Préfecture'!C21:C24) -> 306000 | D9: =AVERAGE('Prix par Préfecture'!D21:D24) -> 286000 | E9: =AVERAGE('Prix par Préfecture'!E21:E24) -> 331000 | F9: =AVERAGE('Prix par Préfecture'!F21:F24) -> 296000 | G9: =AVERAGE('Prix par Préfecture'!G21:G24) -> 336000 | H9: =AVERAGE('Prix par Préfecture'!H21:H24) -> 246000 | I9: =AVERAGE('Prix par Préfecture'!I21:I24) -> 376000 | J9: =AVERAGE('Prix par Préfecture'!J21:J24) -> 386000 | ... L9: =AVERAGE('Prix par Préfecture'!L21:L24) -> 160500
A10: NZEREKORE | B10: 6 | C10: =AVERAGE('Prix par Préfecture'!C25:C30) -> 317916.67 | D10: =AVERAGE('Prix par Préfecture'!D25:D30) -> 297916.67 | E10: =AVERAGE('Prix par Préfecture'!E25:E30) -> 342916.67 | F10: =AVERAGE('Prix par Préfecture'!F25:F30) -> 287916.67 | G10: =AVERAGE('Prix par Préfecture'!G25:G30) -> 347916.67 | H10: =AVERAGE('Prix par Préfecture'!H25:H30) -> 257916.67 | I10: =AVERAGE('Prix par Préfecture'!I25:I30) -> 387916.67 | J10: =AVERAGE('Prix par Préfecture'!J25:J30) -> 397916.67 | ... L10: =AVERAGE('Prix par Préfecture'!L25:L30) -> 165916.67
A11: MAMOU | B11: 3 | C11: =AVERAGE('Prix par Préfecture'!C31:C33) -> 299000 | D11: =AVERAGE('Prix par Préfecture'!D31:D33) -> 279000 | E11: =AVERAGE('Prix par Préfecture'!E31:E33) -> 324000 | F11: =AVERAGE('Prix par Préfecture'!F31:F33) -> 289000 | G11: =AVERAGE('Prix par Préfecture'!G31:G33) -> 334000 | H11: =AVERAGE('Prix par Préfecture'!H31:H33) -> 244000 | I11: =AVERAGE('Prix par Préfecture'!I31:I33) -> 369000 | J11: =AVERAGE('Prix par Préfecture'!J31:J33) -> 379000 | ... L11: =AVERAGE('Prix par Préfecture'!L31:L33) -> 156000
A12: KANKAN | B12: 5 | C12: =AVERAGE('Prix par Préfecture'!C34:C38) -> 312200 | D12: =AVERAGE('Prix par Préfecture'!D34:D38) -> 292200 | E12: =AVERAGE('Prix par Préfecture'!E34:E38) -> 337200 | F12: =AVERAGE('Prix par Préfecture'!F34:F38) -> 302200 | G12: =AVERAGE('Prix par Préfecture'!G34:G38) -> 342200 | H12: =AVERAGE('Prix par Préfecture'!H34:H38) -> 252200 | I12: =AVERAGE('Prix par Préfecture'!I34:I38) -> 382200 | J12: =AVERAGE('Prix par Préfecture'!J34:J38) -> 402200 | ... L12: =AVERAGE('Prix par Préfecture'!L34:L38) -> 164200
